,index,city,Lat,Long,Max Temp,Humidity,Cloudiness,Wind Speed,Date
0,0,lisala,2.15,21.5167,70.16,95.0,100.0,2.26,1627346453.0
1,1,gweta,-20.1833,25.2333,45.88,70.0,0.0,9.75,1627346453.0
2,2,arrifes,37.7667,-25.7,68.25,88.0,75.0,8.05,1627346453.0
3,3,rizhao,35.4275,119.4553,80.55,88.0,99.0,18.75,1627346454.0
4,4,palu,-0.8917,119.8707,84.33,70.0,100.0,1.05,1627346454.0
5,5,ugoofaaru,5.6667,73.0,82.26,75.0,100.0,15.86,1627346454.0
6,6,karlskrona,56.1616,15.5866,66.65,95.0,100.0,7.34,1627346455.0
7,8,putyatino,54.16,41.1169,63.82,59.0,80.0,5.55,1627346455.0
8,9,da nang,16.0678,108.2208,93.18,52.0,20.0,0.0,1627346328.0
9,10,lagunas,-5.2269,-75.6753,77.83,79.0,77.0,1.32,1627346455.0
10,11,novaya zaimka,56.4857,66.9241,55.2,68.0,83.0,6.64,1627346456.0
11,12,vega de alatorre,20.0333,-96.6333,81.43,74.0,12.0,5.93,1627346456.0
12,13,gao,16.6362,1.637,90.66,41.0,91.0,8.9,1627346456.0
13,14,mount isa,-20.7333,139.5,71.37,23.0,52.0,6.91,1627346456.0
14,15,lac du bonnet,50.2536,-96.0612,77.59,45.0,4.0,5.75,1627346440.0
15,16,ust-kut,56.7938,105.7672,77.16,41.0,14.0,2.04,1627346457.0
16,17,peniche,39.3558,-9.3811,66.72,89.0,8.0,15.08,1627346457.0
17,18,alta floresta,-9.8756,-56.0861,74.98,44.0,5.0,3.29,1627346457.0
18,19,rauma,61.1272,21.5113,59.04,68.0,97.0,4.81,1627346458.0
19,20,luderitz,-26.6481,15.1594,59.79,66.0,0.0,4.74,1627346184.0
20,21,san policarpo,12.1791,125.5072,87.62,63.0,76.0,11.23,1627346250.0
21,22,high level,58.5169,-117.136,69.91,52.0,75.0,6.91,1627346458.0
22,23,coruripe,-10.1256,-36.1756,72.68,89.0,25.0,10.2,1627346458.0
23,24,kralendijk,12.15,-68.2667,82.38,78.0,68.0,13.8,1627346459.0
24,25,sheksna,59.21,38.5107,57.16,91.0,30.0,0.74,1627346459.0
25,26,grand-santi,4.25,-54.3833,72.77,96.0,89.0,2.82,1627346459.0
26,27,sawtell,-30.3833,153.1,64.42,63.0,0.0,5.75,1627346459.0
27,29,mongu,-15.2484,23.1274,52.95,46.0,100.0,9.08,1627346460.0
28,30,marsaxlokk,35.8419,14.5431,79.09,88.0,0.0,6.91,1627346460.0
29,31,araouane,18.9048,-3.5265,92.97,38.0,100.0,24.96,1627346460.0
30,32,doha,25.2867,51.5333,94.98,73.0,0.0,5.75,1627346402.0
31,33,pinsk,52.1229,26.0951,62.49,92.0,88.0,7.63,1627346461.0
32,34,jiaonan,35.8786,119.9753,84.22,79.0,92.0,17.92,1627346461.0
33,35,ust-nera,64.5667,143.2,58.87,74.0,100.0,6.42,1627346461.0
34,36,palimbang,6.2106,124.1894,84.83,71.0,96.0,4.92,1627346461.0
35,37,dos hermanas,37.2829,-5.9209,72.66,75.0,0.0,3.0,1627346462.0
36,38,kaitangata,-46.2817,169.8464,53.92,49.0,7.0,9.04,1627346194.0
37,39,carutapera,-1.195,-46.02,74.53,93.0,39.0,4.99,1627346462.0
38,40,vorotynets,56.0603,45.8633,57.72,72.0,42.0,7.09,1627346462.0
39,41,rupert,42.6191,-113.6772,100.29,14.0,1.0,4.61,1627346463.0
40,42,alofi,-19.0595,-169.9187,80.49,69.0,40.0,5.75,1627346463.0
41,43,tolaga bay,-38.3667,178.3,56.7,63.0,91.0,9.42,1627346463.0
42,44,pangody,65.85,74.4859,50.5,72.0,100.0,10.42,1627346464.0
43,45,mogadishu,2.0371,45.3438,76.12,81.0,99.0,21.5,1627346464.0
44,46,yankton,42.8711,-97.3973,95.11,51.0,1.0,13.8,1627346464.0
45,47,odesskoye,54.2111,72.9651,56.79,60.0,100.0,6.76,1627346464.0
46,48,parabel,58.6978,81.4825,52.47,88.0,96.0,12.24,1627346465.0
47,49,jalu,29.0331,21.5482,79.0,49.0,0.0,8.01,1627346246.0
48,50,barra do garcas,-15.89,-52.2567,69.75,41.0,0.0,2.42,1627346465.0
49,51,dormidontovka,47.7702,134.9076,92.43,41.0,47.0,6.67,1627346465.0
50,52,kousseri,12.0769,15.0306,76.96,88.0,20.0,3.44,1627346465.0
51,53,hasaki,35.7333,140.8333,75.49,80.0,64.0,15.57,1627346466.0
52,54,road town,18.4167,-64.6167,82.2,75.0,36.0,16.46,1627346466.0
53,55,bria,6.5423,21.9863,67.51,93.0,100.0,0.94,1627346466.0
54,56,mercedes,-34.6515,-59.4307,50.86,56.0,6.0,10.92,1627346467.0
55,57,sturgeon bay,44.8342,-87.377,75.16,78.0,1.0,9.22,1627346205.0
56,58,quang ngai,15.1167,108.8,88.68,55.0,28.0,4.5,1627346467.0
57,59,marawi,7.9986,124.2928,77.65,65.0,96.0,8.08,1627346467.0
58,60,strezhevoy,60.7333,77.5889,53.58,74.0,38.0,11.79,1627346467.0
59,61,herran,7.5061,-72.4833,62.8,97.0,100.0,4.92,1627346468.0
60,62,nkhata bay,-11.6066,34.2907,63.01,68.0,100.0,6.11,1627346468.0
61,63,patos,-7.0244,-37.28,74.34,67.0,42.0,14.29,1627346468.0
62,64,marzuq,14.4,46.4667,74.48,71.0,100.0,6.64,1627346469.0
63,65,kango,0.1943,10.0951,73.13,85.0,85.0,3.02,1627346469.0
64,66,rexburg,43.826,-111.7897,94.26,10.0,1.0,3.44,1627346469.0
65,67,axim,4.8699,-2.2405,76.03,78.0,100.0,10.98,1627346469.0
66,68,clarence town,-32.5833,151.7833,66.06,48.0,0.0,5.3,1627346470.0
67,69,jiexiu,37.0244,111.9125,83.28,51.0,29.0,1.34,1627346470.0
68,70,tete,-16.1564,33.5867,59.09,82.0,75.0,1.14,1627346458.0
69,71,hojai,26.0,92.8667,80.73,92.0,96.0,4.09,1627346470.0
70,72,borovskoy,53.8,64.15,52.25,71.0,23.0,7.47,1627346470.0
71,73,maihar,24.2667,80.75,76.24,92.0,100.0,12.26,1627346471.0
72,74,sainte-maxime,43.3,6.6333,75.69,89.0,94.0,2.77,1627346471.0
73,75,kamphaeng phet,16.25,99.5,75.94,88.0,100.0,2.66,1627346471.0
74,76,cooma,-36.2333,149.1333,51.57,57.0,75.0,8.05,1627346472.0
75,77,camocim,-2.9022,-40.8411,78.03,79.0,8.0,13.27,1627346472.0
76,78,dordrecht,51.81,4.6736,63.28,93.0,25.0,3.0,1627346472.0
77,79,kayes,14.0,-11.0,77.67,83.0,5.0,5.35,1627346472.0
78,80,valvatna,59.7672,5.4328,65.46,91.0,100.0,6.85,1627346473.0
79,81,malatya,38.5,38.0,73.45,41.0,0.0,10.36,1627346473.0
80,83,iqaluit,63.7506,-68.5145,51.53,81.0,75.0,1.99,1627346189.0
81,84,vilyuysk,63.7553,121.6247,75.94,48.0,7.0,8.25,1627346473.0
82,85,liepaja,56.5419,21.0367,69.85,72.0,40.0,5.75,1627346474.0
83,86,alice springs,-23.7,133.8833,71.15,15.0,86.0,23.02,1627346474.0
84,87,dalmatovo,56.26,62.9362,51.62,83.0,10.0,6.96,1627346474.0
85,88,evensk,61.95,159.2333,59.52,76.0,87.0,4.47,1627346474.0
87,91,gat,31.61,34.7642,78.82,84.0,0.0,4.61,1627346475.0
88,92,erenhot,43.6475,111.9767,69.64,55.0,7.0,6.53,1627346475.0
89,93,diamantino,-14.4086,-56.4461,74.98,43.0,2.0,3.42,1627346476.0
90,94,uige,-7.6087,15.0613,61.75,57.0,100.0,2.08,1627346476.0
91,95,yerbogachen,61.2767,108.0108,79.03,49.0,3.0,7.18,1627346476.0
92,97,parana,-31.732,-60.5238,54.55,52.0,0.0,9.62,1627346476.0
93,98,safaga,26.7292,33.9365,89.55,43.0,0.0,10.96,1627346477.0
94,99,kukuna,9.4,-12.6667,74.05,97.0,100.0,3.53,1627346477.0
95,100,odweyne,9.4092,45.064,69.46,52.0,90.0,20.94,1627346477.0
96,101,linxia,35.6003,103.2064,66.61,50.0,100.0,0.92,1627346478.0
97,102,japura,-0.3167,102.35,78.49,69.0,14.0,3.38,1627346478.0
98,103,hervey bay,-25.2986,152.8535,69.03,63.0,0.0,3.0,1627346478.0
99,104,ixtapa,20.7,-105.2,87.03,70.0,20.0,8.05,1627346478.0
100,105,usakos,-22.0,15.6,57.4,33.0,0.0,10.47,1627346479.0
101,106,maneadero,31.7167,-116.5667,73.18,85.0,21.0,1.99,1627346479.0
102,107,charyshskoye,51.3978,83.5598,60.78,96.0,98.0,3.65,1627346479.0
103,108,saint-pierre,-21.3393,55.4781,64.08,88.0,90.0,5.75,1627346479.0
104,109,kailua,21.4022,-157.7394,87.78,64.0,40.0,11.5,1627346480.0
105,110,kununurra,-15.7667,128.7333,75.18,69.0,75.0,5.75,1627346368.0
106,111,luganville,-15.5333,167.1667,79.39,84.0,100.0,11.43,1627346480.0
107,112,myitkyina,25.3833,97.4,77.2,98.0,99.0,0.45,1627346480.0
108,113,dashitou,43.3067,128.5114,81.72,66.0,49.0,1.95,1627346481.0
109,114,yazman,29.1212,71.7446,89.33,58.0,100.0,19.62,1627346481.0
110,115,okhotsk,59.3833,143.3,69.06,70.0,10.0,8.59,1627346481.0
111,116,oranjemund,-28.55,16.4333,58.6,66.0,0.0,7.34,1627346481.0
112,117,tartus,34.889,35.8866,76.42,75.0,0.0,4.52,1627346482.0
113,118,college,64.8569,-147.8028,72.0,46.0,75.0,12.66,1627346482.0
114,119,kurlovo,55.4325,40.4854,60.39,68.0,24.0,3.0,1627346482.0
115,120,naze,28.3667,129.4833,83.32,84.0,100.0,14.03,1627346482.0
116,121,pascagoula,30.3658,-88.5561,88.05,73.0,1.0,4.61,1627346483.0
117,123,tocopilla,-22.092,-70.1979,59.95,76.0,10.0,10.18,1627346483.0
118,124,liverpool,53.4106,-2.9779,62.69,82.0,100.0,4.61,1627346307.0
119,125,enid,36.3956,-97.8784,83.14,80.0,75.0,1.99,1627346483.0
120,126,san pedro,14.35,121.0167,82.09,89.0,75.0,13.8,1627346484.0
121,127,dalby,-27.1833,151.2667,65.98,39.0,0.0,1.99,1627346484.0
122,129,sao jose da coroa grande,-8.8978,-35.1478,73.99,88.0,51.0,8.25,1627346484.0
123,130,livingston,55.9029,-3.5226,59.31,93.0,20.0,6.91,1627346485.0
124,131,beringovskiy,63.05,179.3167,52.3,94.0,100.0,9.01,1627346485.0
125,132,kearney,40.6995,-99.0815,85.24,73.0,1.0,4.0,1627346485.0
126,133,sretensk,52.2453,117.7093,70.05,68.0,24.0,4.25,1627346485.0
127,134,lhokseumawe,5.1801,97.1507,78.24,79.0,74.0,5.26,1627346486.0
128,135,kaeo,-35.1,173.7833,62.33,69.0,1.0,13.47,1627346486.0
129,136,banamba,13.55,-7.45,79.61,74.0,100.0,9.44,1627346486.0
130,137,bone,51.9669,12.1396,68.72,86.0,100.0,6.38,1627346486.0
131,138,manta,-0.95,-80.7333,73.18,83.0,20.0,11.5,1627346239.0
132,139,makakilo city,21.3469,-158.0858,86.32,54.0,40.0,13.8,1627346487.0
133,140,mugla,37.2303,28.3557,72.27,47.0,0.0,6.46,1627346487.0
134,141,george town,5.4112,100.3354,83.89,86.0,20.0,4.61,1627346365.0
135,142,port keats,-14.25,129.55,83.19,57.0,33.0,2.75,1627346487.0
136,144,srisailam,16.0833,78.8667,73.08,87.0,100.0,12.53,1627346488.0
137,146,aranos,-24.1333,19.1167,45.45,49.0,0.0,13.71,1627346488.0
138,147,morondava,-20.2833,44.2833,64.9,68.0,54.0,12.28,1627346488.0
139,148,taft,31.7471,54.2088,82.35,17.0,40.0,6.91,1627346489.0
140,149,xichang,27.8964,102.2634,71.02,79.0,74.0,1.34,1627346489.0
141,150,pekan,3.4836,103.3996,78.91,77.0,100.0,5.61,1627346489.0
142,151,ewa beach,21.3156,-158.0072,87.75,53.0,20.0,21.85,1627346222.0
143,152,pimenta bueno,-11.6725,-61.1936,79.77,44.0,49.0,1.19,1627346489.0
144,153,chernyshkovskiy,48.4219,42.2308,74.84,42.0,40.0,11.1,1627346490.0
145,155,nome,64.5011,-165.4064,50.07,87.0,90.0,10.36,1627346490.0
146,156,carnarvon,-24.8667,113.6333,68.07,67.0,40.0,13.8,1627346490.0
147,157,teguise,29.0605,-13.564,68.22,83.0,75.0,16.11,1627346491.0
148,158,lubin,51.4009,16.2015,64.85,86.0,59.0,5.37,1627346297.0
149,159,najran,17.4924,44.1277,83.05,36.0,98.0,2.53,1627346491.0
150,160,calvinia,-31.4707,19.776,50.18,44.0,0.0,7.76,1627346491.0
151,162,alberdi,-32.8899,-60.6906,52.03,45.0,0.0,5.99,1627346492.0
152,163,alice town,25.7167,-79.3,83.66,74.0,96.0,8.66,1627346492.0
153,164,westport,41.1415,-73.3579,83.05,74.0,10.0,1.01,1627346229.0
154,165,whitehorse,60.7161,-135.0538,52.57,93.0,90.0,8.01,1627346473.0
155,166,martapura,-3.4167,114.85,77.09,88.0,11.0,3.44,1627346492.0
156,168,yar-sale,66.8333,70.8333,50.61,68.0,53.0,8.75,1627346493.0
157,169,marsh harbour,26.5412,-77.0636,83.03,76.0,5.0,10.78,1627346493.0
158,170,marsa matruh,31.3525,27.2453,79.0,73.0,40.0,9.22,1627346493.0
159,171,port elizabeth,-33.918,25.5701,70.11,26.0,0.0,8.05,1627346493.0
160,172,besikduzu,41.052,39.2284,76.89,86.0,82.0,10.96,1627346494.0
161,173,arona,28.0996,-16.681,68.83,84.0,75.0,16.11,1627346494.0
162,174,durban,-29.8579,31.0292,55.02,87.0,35.0,1.99,1627346494.0
163,175,conceicao da barra,-18.5933,-39.7322,69.26,85.0,10.0,4.85,1627346494.0
164,176,victoria,22.2855,114.1577,91.26,82.0,97.0,3.0,1627346495.0
165,177,pitogo,13.7847,122.0881,84.92,72.0,100.0,5.53,1627346495.0
166,178,nuuk,64.1835,-51.7216,59.61,63.0,40.0,18.41,1627346443.0
167,179,olafsvik,64.8945,-23.7142,49.93,86.0,100.0,11.5,1627346495.0
168,180,alyangula,-13.8483,136.4192,75.07,83.0,90.0,3.44,1627346496.0
169,181,moryakovskiy zaton,56.6956,84.6467,58.08,98.0,100.0,7.67,1627346496.0
170,182,marienburg,54.0359,19.0266,68.88,95.0,64.0,6.08,1627346496.0
171,184,puerto colombia,10.9878,-74.9547,82.49,80.0,100.0,9.62,1627346496.0
172,185,san isidro,-12.1167,-77.05,63.25,90.0,90.0,8.05,1627346497.0
173,186,tselinnoye,53.0833,85.6667,61.27,87.0,68.0,7.63,1627346497.0
174,187,tambun,-6.2641,107.0712,81.03,83.0,0.0,4.61,1627346497.0
175,188,north platte,41.1239,-100.7654,93.02,49.0,1.0,1.01,1627346309.0
176,189,olinda,-8.0089,-34.8553,71.33,88.0,75.0,5.75,1627346279.0
177,190,la paz,-16.5,-68.15,48.18,31.0,20.0,4.61,1627346497.0
178,191,sur,22.5667,59.5289,90.64,53.0,50.0,13.87,1627346498.0
179,192,hinton,53.4001,-117.5857,77.11,32.0,69.0,2.08,1627346498.0
180,193,itabera,-23.8619,-49.1372,62.46,51.0,5.0,1.74,1627346498.0
181,195,karasburg,-28.0167,18.75,60.39,22.0,0.0,20.51,1627346499.0
182,196,vagur,61.4732,-6.8119,51.93,99.0,100.0,9.75,1627346499.0
183,197,sonoita,31.85,-112.8333,96.53,29.0,1.0,4.0,1627346499.0
184,198,arman,59.7,150.1667,63.12,71.0,87.0,4.74,1627346499.0
185,199,valparaiso,-33.0393,-71.6273,56.84,76.0,0.0,10.36,1627346500.0
186,201,soloneshnoye,51.6544,84.3197,60.73,97.0,100.0,3.04,1627346500.0
187,202,iquique,-20.2208,-70.1431,59.04,79.0,20.0,5.37,1627346272.0
188,203,bismarck,46.8083,-100.7837,100.24,31.0,1.0,13.8,1627346224.0
189,204,bowen,-20.0167,148.2333,71.82,61.0,63.0,11.14,1627346500.0
190,205,san cristobal,7.7669,-72.225,73.58,96.0,99.0,2.48,1627346501.0
191,206,salta,-24.7859,-65.4117,55.69,61.0,90.0,3.0,1627346355.0
192,207,west helena,34.5507,-90.6418,89.28,67.0,7.0,2.89,1627346501.0
193,208,hambantota,6.1241,81.1185,79.14,94.0,100.0,5.75,1627346501.0
194,209,grand gaube,-20.0064,57.6608,68.4,87.0,94.0,5.99,1627346502.0
195,210,hong gai,20.956,107.0946,85.91,87.0,100.0,1.74,1627346502.0
196,211,leningradskiy,69.3833,178.4167,41.43,81.0,71.0,8.57,1627346502.0
197,212,necochea,-38.5473,-58.7368,40.03,71.0,86.0,20.56,1627346502.0
198,213,grindavik,63.8424,-22.4338,49.95,93.0,90.0,10.36,1627346503.0
199,214,yumbe,3.4651,31.2469,66.04,92.0,100.0,1.57,1627346503.0
200,215,sokoni,-6.4333,39.55,75.06,72.0,81.0,18.25,1627346255.0
201,216,niederzier,50.8833,6.4667,63.72,85.0,40.0,5.75,1627346503.0
203,219,kutum,14.2,24.6667,64.96,89.0,100.0,4.92,1627346504.0
204,221,longyearbyen,78.2186,15.6401,40.84,93.0,75.0,3.44,1627346504.0
205,222,vila franca do campo,37.7167,-25.4333,70.21,90.0,97.0,5.61,1627346505.0
206,223,krasnoselkup,65.7,82.4667,54.54,97.0,100.0,12.35,1627346505.0
207,224,santana de parnaiba,-23.4442,-46.9178,70.77,40.0,0.0,3.62,1627346505.0
208,225,riyadh,24.6877,46.7219,93.34,23.0,100.0,10.07,1627346446.0
209,226,dakar,14.6937,-17.4441,81.48,78.0,20.0,6.91,1627346505.0
210,227,constitucion,-35.3333,-72.4167,45.03,69.0,0.0,12.39,1627346506.0
211,228,adigeni,41.6819,42.6987,57.07,96.0,90.0,0.18,1627346506.0
212,229,qaqortoq,60.7167,-46.0333,52.3,81.0,67.0,2.82,1627346506.0
213,230,oga,46.4631,10.347,56.08,92.0,100.0,3.91,1627346507.0
214,231,tomatlan,19.9333,-105.25,82.51,75.0,76.0,5.08,1627346507.0
215,232,milton,34.1322,-84.3007,87.08,78.0,51.0,0.72,1627346507.0
216,233,beisfjord,68.3751,17.5988,55.36,76.0,96.0,2.95,1627346507.0
217,234,labuan,5.2767,115.2417,82.76,83.0,20.0,2.3,1627346508.0
218,235,mattru,7.6244,-11.8332,73.15,98.0,100.0,3.27,1627346508.0
219,236,pacific grove,36.6177,-121.9166,82.81,79.0,1.0,5.99,1627346211.0
220,238,worland,44.0169,-107.9554,99.88,11.0,1.0,5.75,1627346508.0
221,240,praia da vitoria,38.7333,-27.0667,74.75,88.0,75.0,9.35,1627346509.0
222,241,geraldton,-28.7667,114.6,64.81,59.0,90.0,23.02,1627346509.0
223,242,carquefou,47.2982,-1.4902,64.83,91.0,90.0,1.99,1627346509.0
224,243,la rioja,42.25,-2.5,57.04,75.0,16.0,5.23,1627346248.0
225,244,paamiut,61.994,-49.6678,44.56,94.0,100.0,10.98,1627346510.0
226,245,kadoma,34.7333,135.5833,89.94,63.0,75.0,10.36,1627346510.0
227,246,husavik,66.0449,-17.3389,49.91,81.0,89.0,2.17,1627346510.0
228,247,tessalit,20.1986,1.0114,91.02,31.0,100.0,8.97,1627346510.0
229,248,broken hill,-31.95,141.4333,60.51,33.0,7.0,21.85,1627346511.0
230,249,baraki barak,33.9675,68.9486,75.54,26.0,100.0,3.11,1627346511.0
231,250,lufilufi,-13.8745,-171.5986,83.79,72.0,17.0,11.68,1627346511.0
232,251,saskylakh,71.9167,114.0833,56.98,65.0,100.0,8.37,1627346512.0
233,252,conceicao do araguaia,-8.2578,-49.2647,72.79,46.0,13.0,3.62,1627346512.0
234,253,antsohihy,-14.8796,47.9875,71.22,58.0,77.0,10.27,1627346512.0
235,254,shizukuishi,39.6833,140.9833,75.97,92.0,96.0,8.99,1627346512.0
236,255,nambour,-26.6333,152.95,71.35,70.0,0.0,3.0,1627346513.0
237,256,yeppoon,-23.1333,150.7333,67.78,65.0,13.0,7.99,1627346334.0
238,257,san quintin,30.4833,-115.95,70.79,74.0,0.0,10.42,1627346513.0
239,258,salalah,17.0151,54.0924,78.89,89.0,75.0,5.75,1627346296.0
240,259,hiriyur,13.9456,76.6192,71.19,84.0,70.0,11.34,1627346513.0
241,260,bure,10.7,37.0667,55.51,99.0,100.0,1.5,1627346514.0
242,261,aklavik,68.2191,-135.0107,63.32,84.0,100.0,3.91,1627346514.0
243,262,havre-saint-pierre,50.2334,-63.5986,62.96,94.0,1.0,0.0,1627346514.0
244,263,moa,20.6569,-74.9403,80.46,82.0,100.0,4.7,1627346514.0
245,264,pangnirtung,66.1451,-65.7125,52.16,92.0,58.0,2.01,1627346515.0
246,265,atambua,-9.1061,124.8925,80.85,48.0,50.0,0.67,1627346515.0
247,266,sterling,39.0062,-77.4286,82.53,81.0,75.0,1.99,1627346515.0
248,267,guilin,25.2819,110.2864,82.51,72.0,76.0,2.08,1627346515.0
249,268,nanortalik,60.1432,-45.2371,47.62,82.0,48.0,10.85,1627346516.0
250,269,curup,-3.4667,102.5333,73.31,66.0,5.0,1.54,1627346516.0
251,270,kolpashevo,58.3131,82.9089,52.63,96.0,100.0,11.21,1627346516.0
252,271,calca,-13.3333,-71.95,58.35,80.0,12.0,5.14,1627346517.0
253,272,valle de allende,26.9333,-105.4,85.3,20.0,53.0,10.42,1627346517.0
254,274,northam,51.0333,-4.2167,64.65,95.0,100.0,11.07,1627346517.0
255,275,pitea,65.3172,21.4794,62.69,89.0,80.0,2.46,1627346517.0
256,276,dzheyrakh,42.8228,44.6756,60.19,94.0,58.0,6.78,1627346518.0
257,277,sinor,21.9167,73.3333,78.82,90.0,100.0,9.37,1627346518.0
258,278,kloulklubed,7.0419,134.2556,84.7,79.0,100.0,17.52,1627346459.0
259,279,koryukivka,51.7688,32.2481,64.29,67.0,3.0,4.54,1627346518.0
260,280,barrow,71.2906,-156.7887,46.42,93.0,90.0,6.91,1627346519.0
261,281,pinega,64.7001,43.3936,49.39,79.0,100.0,9.13,1627346519.0
262,282,yulara,-25.2406,130.9889,67.84,18.0,9.0,14.97,1627346457.0
263,283,makinsk,52.6292,70.4169,52.95,63.0,5.0,5.7,1627346519.0
264,284,lorengau,-2.0226,147.2712,83.25,75.0,96.0,3.04,1627346520.0
265,285,chicama,-7.8447,-79.1469,64.94,85.0,58.0,8.23,1627346520.0
266,286,kitzbuhel,47.4464,12.3922,64.22,78.0,97.0,3.47,1627346520.0
267,287,wahiawa,21.5028,-158.0236,84.52,59.0,40.0,13.8,1627346355.0
268,288,male,4.1748,73.5089,82.35,83.0,75.0,10.36,1627346520.0
269,289,codrington,-38.2667,141.9667,53.91,65.0,100.0,19.8,1627346521.0
270,292,nemuro,43.3236,145.575,70.23,99.0,100.0,13.58,1627346521.0
271,293,corinth,37.9407,22.9573,82.51,37.0,0.0,1.97,1627346521.0
272,294,ouesso,1.6136,16.0517,75.22,71.0,99.0,2.28,1627346522.0
273,295,aquiraz,-3.9014,-38.3911,80.69,84.0,2.0,11.23,1627346522.0
274,296,hernani,43.2662,-1.9762,63.43,84.0,0.0,1.01,1627346522.0
275,297,hailar,49.2,119.7,61.38,99.0,100.0,6.13,1627346522.0
276,298,tautira,-17.7333,-149.15,84.22,77.0,19.0,8.97,1627346523.0
277,299,pocoes,-14.5297,-40.3653,58.87,97.0,11.0,3.33,1627346523.0
278,300,haines junction,60.7522,-137.5108,57.15,82.0,100.0,3.44,1627346523.0
279,301,noumea,-22.2763,166.4572,75.0,99.0,41.0,13.35,1627346524.0
280,302,inuvik,68.3499,-133.7218,63.36,82.0,75.0,3.44,1627346130.0
281,303,asau,46.4333,26.4,67.75,79.0,46.0,4.7,1627346524.0
282,304,pantai remis,4.4557,100.6288,77.36,82.0,23.0,2.89,1627346524.0
283,305,kuytun,54.3419,101.5036,69.39,55.0,41.0,11.14,1627346524.0
284,306,rawson,-43.3002,-65.1023,40.37,76.0,62.0,28.1,1627346525.0
285,307,thompson,55.7435,-97.8558,69.96,37.0,40.0,8.05,1627346525.0
286,309,kilindoni,-7.9139,39.6668,75.22,70.0,43.0,18.41,1627346525.0
287,310,hualmay,-11.0964,-77.6139,64.17,87.0,40.0,8.32,1627346526.0
288,311,esmeraldas,-19.7625,-44.3139,67.06,52.0,0.0,3.06,1627346526.0
289,312,sabzevar,36.2126,57.6819,81.81,32.0,0.0,21.97,1627346526.0
290,313,juneau,58.3019,-134.4197,64.4,76.0,75.0,9.22,1627346526.0
291,314,sibolga,1.7427,98.7792,79.74,79.0,100.0,1.74,1627346527.0
292,315,tatawin,32.9297,10.4518,83.28,56.0,0.0,5.26,1627346527.0
293,316,qui nhon,13.7667,109.2333,86.09,64.0,20.0,16.62,1627346410.0
294,317,port-gentil,-0.7193,8.7815,74.46,82.0,73.0,12.62,1627346527.0
295,318,bougouni,11.417,-7.479,74.55,87.0,41.0,4.94,1627346528.0
296,319,viedma,-40.8135,-62.9967,43.52,59.0,100.0,24.23,1627346528.0
297,320,krasnogorsk,55.8225,37.3181,65.17,82.0,0.0,4.47,1627346528.0
298,321,achinsk,56.2694,90.4993,63.59,96.0,100.0,11.01,1627346528.0
299,322,zarubino,42.63,131.0922,78.21,75.0,15.0,2.21,1627346498.0
300,323,vestmannaeyjar,63.4427,-20.2734,51.1,81.0,100.0,13.56,1627346529.0
301,324,preobrazheniye,42.9019,133.9064,80.31,78.0,27.0,5.55,1627346529.0
302,325,zambezi,-13.5432,23.1047,49.03,53.0,100.0,5.88,1627346529.0
303,326,berlevag,70.8578,29.0864,46.2,86.0,44.0,2.44,1627346530.0
304,327,ginda,30.6945,78.4932,68.13,97.0,100.0,0.34,1627346530.0
305,328,saint anthony,45.0205,-93.218,88.25,60.0,1.0,5.01,1627346530.0
306,329,lata,40.1629,-8.3327,63.81,98.0,47.0,2.01,1627346530.0
307,330,labuhan,-6.8844,112.2051,78.08,72.0,12.0,5.48,1627346531.0
308,331,lupiro,-8.3833,36.6667,59.81,64.0,8.0,5.1,1627346531.0
309,332,bartica,6.4,-58.6167,79.12,95.0,14.0,2.89,1627346531.0
310,333,kieta,-6.2167,155.6333,85.8,67.0,16.0,5.46,1627346531.0
311,334,gerpinnes,50.3379,4.5273,61.95,97.0,75.0,4.61,1627346532.0
312,335,bayan,46.0833,127.4,84.24,63.0,100.0,11.39,1627346532.0
313,336,sitka,57.0531,-135.33,62.49,67.0,40.0,4.61,1627346532.0
314,337,gladstone,-23.85,151.25,67.93,52.0,0.0,4.61,1627346532.0
315,338,kilcormac,53.1742,-7.7256,58.06,99.0,100.0,5.5,1627346533.0
316,340,santa rosa,14.3122,121.1114,82.85,82.0,82.0,19.1,1627346533.0
317,341,cap malheureux,-19.9842,57.6142,68.49,87.0,91.0,5.99,1627346428.0
318,343,tukrah,32.5341,20.5791,77.29,65.0,0.0,18.95,1627346533.0
319,344,kitui,-1.367,38.0106,55.78,76.0,33.0,2.55,1627346534.0
320,345,bilma,18.6853,12.9164,91.09,39.0,86.0,6.82,1627346534.0
321,346,sikonge,-5.6333,32.7667,53.69,50.0,15.0,5.46,1627346534.0
322,347,torbay,47.6666,-52.7314,60.58,86.0,90.0,11.5,1627346535.0
323,348,bossier city,32.516,-93.7321,93.2,59.0,1.0,4.61,1627346535.0
324,349,jacareacanga,-6.2222,-57.7528,75.83,50.0,30.0,1.36,1627346535.0
325,350,mountain home,43.133,-115.6912,102.81,12.0,1.0,21.85,1627346535.0
326,351,saint george,37.1041,-113.5841,83.53,78.0,1.0,4.61,1627346536.0
327,352,artyom,40.4723,50.333,82.54,76.0,7.0,32.28,1627346536.0
328,353,tura,25.5198,90.2201,77.47,93.0,100.0,3.62,1627346492.0
329,354,port macquarie,-31.4333,152.9167,65.89,49.0,0.0,5.48,1627346536.0
330,355,nalut,30.3333,10.85,81.64,22.0,0.0,16.15,1627346537.0
331,356,atherton,53.5237,-2.4935,63.12,92.0,100.0,1.99,1627346453.0
332,357,palasa,18.7667,84.4167,83.44,72.0,98.0,5.59,1627346537.0
333,358,puerto madero,14.7208,-92.4215,82.76,72.0,100.0,1.97,1627346537.0
334,359,chara,56.9064,118.2631,67.89,56.0,0.0,2.08,1627346537.0
335,360,gravdal,68.1214,13.5031,53.24,91.0,21.0,7.65,1627346538.0
336,361,katsuura,35.1333,140.3,78.19,91.0,100.0,20.07,1627346538.0
337,362,bambous virieux,-20.3428,57.7575,68.25,94.0,40.0,11.5,1627346538.0
338,363,kenai,60.5544,-151.2583,66.02,83.0,90.0,12.66,1627346491.0
339,365,shetpe,44.1667,52.1167,73.94,35.0,88.0,19.93,1627346474.0
340,366,grand forks,47.9417,-97.4337,91.13,31.0,20.0,6.91,1627346539.0
341,367,kupang,-10.1667,123.5833,81.18,61.0,20.0,8.05,1627346539.0
342,368,pitimbu,-7.4706,-34.8086,75.79,83.0,12.0,8.05,1627346539.0
343,369,ceres,37.5949,-120.9577,100.72,22.0,1.0,6.91,1627346540.0
344,370,palmer,42.1584,-72.3287,77.61,67.0,0.0,2.98,1627346535.0
345,371,los llanos de aridane,28.6585,-17.9182,69.55,96.0,90.0,16.11,1627346540.0
346,372,nikolskoye,59.7035,30.7861,62.49,72.0,5.0,4.12,1627346540.0
347,373,port hedland,-20.3167,118.5667,69.85,83.0,79.0,10.36,1627346540.0
348,374,tuatapere,-46.1333,167.6833,51.82,69.0,21.0,5.91,1627346541.0
349,375,yuancheng,36.652,107.7896,75.88,42.0,10.0,4.03,1627346541.0
350,376,farah,32.5,62.5,86.23,15.0,100.0,8.68,1627346541.0
351,377,hamilton,39.1834,-84.5333,84.15,63.0,1.0,5.75,1627346541.0
352,378,nanae,41.8833,140.6833,77.23,78.0,75.0,3.44,1627346355.0
353,379,lagoa,39.05,-27.9833,70.48,89.0,100.0,10.49,1627346542.0
354,381,ipora,-16.4419,-51.1178,67.78,37.0,0.0,1.86,1627346542.0
355,382,ranong,9.9658,98.6348,82.33,84.0,100.0,13.42,1627346542.0
356,383,emerald,-23.5333,148.1667,65.34,48.0,0.0,5.75,1627346543.0
357,384,port hardy,50.6996,-127.4199,62.78,72.0,75.0,9.22,1627346543.0
358,385,soyo,-6.1349,12.3689,71.6,90.0,100.0,3.38,1627346543.0
359,386,tabuk,17.4189,121.4443,83.3,73.0,92.0,2.53,1627346544.0
360,387,portland,45.5234,-122.6762,92.7,41.0,40.0,3.0,1627345988.0
361,388,malinovoye ozero,51.6753,79.7825,62.74,73.0,0.0,7.34,1627346544.0
362,389,berlin,52.5244,13.4105,70.99,80.0,0.0,5.99,1627346410.0
363,390,dongsheng,39.8161,109.9776,71.33,45.0,3.0,12.08,1627346544.0
364,391,cibeureum,-7.3552,108.2693,75.72,75.0,45.0,0.31,1627346545.0
365,392,eloy,32.7559,-111.5548,98.55,33.0,0.0,6.58,1627346545.0
366,393,dunedin,-45.8742,170.5036,56.8,41.0,3.0,5.99,1627346532.0
367,394,funehiki,37.4333,140.5833,70.99,98.0,100.0,5.01,1627346545.0
368,395,de aar,-30.6497,24.0123,39.65,51.0,13.0,6.62,1627346545.0
369,396,milkovo,54.7167,158.6167,75.18,66.0,100.0,16.93,1627346546.0
370,397,korla,41.7597,86.1469,86.52,22.0,0.0,10.54,1627346546.0
371,398,tianpeng,30.9866,103.9393,77.47,74.0,100.0,2.84,1627346546.0
372,399,new norfolk,-42.7826,147.0587,56.88,81.0,99.0,5.26,1627346547.0
373,400,moerai,-22.4333,-151.3333,75.49,84.0,100.0,18.23,1627346547.0
374,401,fairbanks,64.8378,-147.7164,72.01,46.0,20.0,3.0,1627346547.0
375,402,pundaguitan,6.3711,126.1689,84.22,74.0,91.0,14.97,1627346547.0
376,403,broome,42.2506,-75.833,75.78,82.0,42.0,1.01,1627346548.0
377,404,risor,58.7206,9.2342,66.29,94.0,100.0,12.3,1627346548.0
378,405,petropavlovsk-kamchatskiy,53.0452,158.6483,73.99,64.0,75.0,11.18,1627346548.0
379,406,bjornevatn,69.6672,29.9847,44.94,93.0,14.0,0.0,1627346548.0
380,407,poum,-20.2333,164.0167,71.83,65.0,100.0,8.12,1627346549.0
381,408,ribeira grande,38.5167,-28.7,70.83,89.0,94.0,9.98,1627346549.0
382,409,foam lake,51.65,-103.5343,77.02,27.0,5.0,9.33,1627346549.0
383,410,cabo san lucas,22.8909,-109.9124,93.81,69.0,3.0,11.07,1627346401.0
384,411,arica,-18.475,-70.3042,61.03,77.0,90.0,11.5,1627346550.0
385,412,mount gambier,-37.8333,140.7667,51.71,66.0,100.0,17.27,1627346550.0
386,413,cayenne,4.9333,-52.3333,82.09,82.0,0.0,3.0,1627346550.0
388,416,guerrero negro,27.9769,-114.0611,72.61,67.0,0.0,17.07,1627346551.0
389,418,lavrentiya,65.5833,-171.0,45.0,98.0,100.0,3.76,1627346551.0
390,419,hami,42.8,93.45,86.72,19.0,0.0,13.98,1627346551.0
391,420,lompoc,34.6391,-120.4579,75.34,74.0,75.0,6.91,1627346552.0
392,422,snasa,64.2457,12.3778,65.07,59.0,25.0,5.19,1627346552.0
393,423,nizhniy odes,63.6445,54.856,43.83,95.0,100.0,7.94,1627346552.0
394,424,sawankhalok,17.316,99.8319,80.82,94.0,75.0,2.3,1627346553.0
395,425,phalombe,-15.8064,35.6507,50.81,85.0,31.0,3.47,1627346553.0
396,426,cockburn town,21.4612,-71.1419,82.33,84.0,8.0,15.26,1627346527.0
397,427,kaspiyskiy,45.3929,47.3707,79.79,51.0,100.0,20.11,1627346553.0
398,428,talnakh,69.4865,88.3972,75.83,58.0,100.0,8.93,1627346553.0
399,429,kruisfontein,-34.0033,24.7314,67.89,28.0,11.0,16.26,1627346554.0
400,430,port augusta,-32.5,137.7667,62.74,33.0,3.0,30.58,1627346554.0
401,431,piacabucu,-10.4056,-36.4344,72.81,89.0,30.0,9.13,1627346554.0
402,432,boca do acre,-8.7522,-67.3978,80.44,60.0,83.0,2.86,1627346555.0
403,433,fare,-16.7,-151.0167,78.94,73.0,21.0,10.49,1627346555.0
404,434,nelson bay,-32.7167,152.15,65.95,67.0,0.0,1.99,1627346555.0
405,435,nadym,65.5333,72.5167,52.63,62.0,100.0,5.06,1627346555.0
406,436,isangel,-19.55,169.2667,78.91,65.0,75.0,5.75,1627346556.0
407,437,dengfeng,34.4553,113.0281,82.17,74.0,2.0,4.56,1627346556.0
408,438,benghazi,32.1167,20.0667,77.95,63.0,0.0,15.17,1627346556.0
409,439,asfi,32.2994,-9.2372,68.79,87.0,10.0,15.66,1627346556.0
410,440,meulaboh,4.1363,96.1285,78.67,81.0,47.0,3.74,1627346557.0
411,441,castro,-24.7911,-50.0119,58.68,60.0,84.0,4.74,1627346557.0
412,442,mogzon,51.7435,111.9606,62.83,69.0,93.0,4.12,1627346557.0
413,443,mozarlandia,-14.7447,-50.5706,75.36,40.0,0.0,1.41,1627346558.0
414,444,hofn,64.2539,-15.2082,52.38,84.0,100.0,4.97,1627346558.0
415,445,siniscola,40.5719,9.6922,78.35,78.0,100.0,6.6,1627346558.0
416,446,lufkin,31.3382,-94.7291,93.33,61.0,1.0,4.61,1627346558.0
417,447,mehamn,71.0357,27.8492,46.8,86.0,44.0,5.91,1627346559.0
418,448,huilong,31.8111,121.655,81.03,94.0,100.0,30.96,1627346559.0
419,449,lynn haven,30.2455,-85.6483,88.02,71.0,40.0,1.99,1627346559.0
420,450,richards bay,-28.783,32.0377,61.03,59.0,61.0,15.1,1627346559.0
421,452,ormara,25.2088,64.6357,81.91,85.0,100.0,8.95,1627346560.0
422,453,sinegorye,62.0788,150.477,57.67,64.0,34.0,6.44,1627346560.0
423,454,vardo,70.3705,31.1107,46.76,86.0,35.0,4.14,1627346560.0
424,456,acapulco,16.8634,-99.8901,85.82,79.0,90.0,5.75,1627346561.0
425,457,steinbach,50.1667,8.5667,65.98,78.0,0.0,6.91,1627346559.0
426,458,touros,-5.1989,-35.4608,74.3,86.0,15.0,9.57,1627346561.0
427,459,san luis,-33.295,-66.3356,42.94,41.0,5.0,12.21,1627346561.0
428,460,puerto ayora,-0.7393,-90.3518,71.55,85.0,25.0,8.01,1627345915.0
429,461,komsomolskiy,40.4272,71.7189,84.92,26.0,1.0,2.3,1627346562.0
430,462,chumikan,54.7183,135.315,73.22,48.0,100.0,4.21,1627346562.0
431,463,ahipara,-35.1667,173.1667,58.51,66.0,0.0,17.05,1627346562.0
432,464,flinders,-34.5833,150.8552,67.37,54.0,4.0,5.99,1627346562.0
433,465,mahebourg,-20.4081,57.7,68.29,94.0,40.0,11.5,1627346563.0
434,466,bodden town,19.2833,-81.25,84.2,78.0,40.0,1.99,1627346563.0
435,467,grobina,56.5352,21.1678,69.66,72.0,40.0,5.75,1627346563.0
436,468,lebu,-37.6167,-73.65,46.0,76.0,60.0,16.2,1627346563.0
437,469,astoria,46.1879,-123.8313,83.08,77.0,1.0,3.0,1627346564.0
438,470,yellowknife,62.456,-114.3525,68.52,52.0,40.0,7.0,1627346476.0
439,471,souillac,-20.5167,57.5167,68.38,94.0,40.0,11.5,1627346564.0
440,472,ivnya,51.0629,36.1343,67.91,61.0,11.0,5.37,1627346564.0
441,473,normandin,48.8333,-72.5321,66.51,82.0,93.0,5.75,1627346565.0
442,474,tairua,-37.0167,175.85,58.08,78.0,17.0,14.83,1627346565.0
443,475,seoul,37.5683,126.9778,89.17,56.0,0.0,3.44,1627345814.0
444,476,san matias,-16.3667,-58.4,78.66,39.0,14.0,3.98,1627346565.0
445,477,taoudenni,22.6783,-3.9836,100.35,8.0,0.0,8.43,1627346565.0
446,478,ambilobe,-13.2,49.05,69.3,66.0,92.0,3.49,1627346566.0
447,479,eureka,40.8021,-124.1637,65.12,79.0,100.0,7.0,1627346566.0
448,480,rio verde de mato grosso,-18.9181,-54.8442,75.74,37.0,5.0,2.13,1627346566.0
449,481,nigde,37.8333,34.75,58.64,52.0,0.0,4.76,1627346566.0
450,482,ilulissat,69.2167,-51.1,53.62,58.0,40.0,6.91,1627346567.0
451,483,tiksi,71.6872,128.8694,39.02,88.0,71.0,10.29,1627346567.0
452,484,shivrajpur,22.4167,73.65,76.96,91.0,100.0,8.68,1627346567.0
453,485,airai,-8.9266,125.4092,72.52,28.0,88.0,3.98,1627346568.0
454,486,dikson,73.5069,80.5464,38.62,99.0,100.0,5.59,1627346568.0
455,487,auki,-8.7676,160.7034,82.18,71.0,100.0,2.46,1627346568.0
456,488,pastavy,55.1168,26.8326,65.34,71.0,100.0,8.68,1627346568.0
457,489,te anau,-45.4167,167.7167,47.8,78.0,69.0,5.53,1627346569.0
458,490,santa cruz de la palma,28.6835,-17.7642,73.54,83.0,90.0,16.11,1627346569.0
459,491,sisimiut,66.9395,-53.6735,58.3,67.0,59.0,12.46,1627346569.0
460,492,srednekolymsk,67.45,153.6833,54.05,48.0,96.0,15.32,1627346430.0
461,494,umaria,23.5333,80.8333,74.32,93.0,100.0,12.66,1627346570.0
462,495,tasiilaq,65.6145,-37.6368,46.56,88.0,26.0,4.12,1627346570.0
463,496,christchurch,-43.5333,172.6333,53.01,76.0,90.0,5.99,1627346381.0
464,497,los aquijes,-14.0967,-75.6908,60.21,61.0,0.0,1.25,1627346570.0
465,498,tucurui,-3.7661,-49.6725,76.51,56.0,20.0,1.43,1627346570.0
466,499,upernavik,72.7868,-56.1549,43.75,95.0,100.0,5.19,1627346571.0
467,500,vostok,46.4856,135.8833,83.35,63.0,100.0,3.42,1627346571.0
468,502,arlit,18.7369,7.3853,93.25,33.0,80.0,18.1,1627346571.0
469,503,guano,-1.5833,-78.6333,47.61,91.0,52.0,3.87,1627346572.0
470,504,forio,40.7342,13.8646,82.81,52.0,81.0,1.99,1627346572.0
471,505,port blair,11.6667,92.75,82.87,84.0,100.0,19.98,1627346572.0
472,506,mar del plata,-38.0023,-57.5575,41.13,70.0,0.0,4.0,1627346573.0
473,507,saint-joseph,-21.3667,55.6167,62.98,80.0,32.0,12.08,1627346573.0
474,509,norman wells,65.282,-126.8329,64.44,55.0,90.0,10.36,1627346538.0
475,510,laizhou,37.1717,119.9214,84.52,70.0,96.0,13.38,1627346573.0
476,511,rabo de peixe,37.8,-25.5833,69.31,88.0,75.0,8.05,1627346573.0
477,513,ponta do sol,32.6667,-17.1,72.72,76.0,3.0,6.38,1627346574.0
478,514,itoman,26.1247,127.6694,86.02,79.0,40.0,10.36,1627346574.0
479,515,sao filipe,14.8961,-24.4956,74.95,84.0,32.0,9.37,1627346574.0
480,516,kavieng,-2.5744,150.7967,84.29,65.0,57.0,5.23,1627346575.0
481,517,bilibino,68.0546,166.4372,56.44,45.0,34.0,16.53,1627346575.0
482,518,severo-kurilsk,50.6789,156.125,60.42,86.0,93.0,7.45,1627346575.0
483,520,bengkulu,-3.8004,102.2655,77.5,68.0,30.0,4.56,1627346575.0
484,521,kahului,20.8947,-156.47,85.26,77.0,40.0,29.93,1627346576.0
485,522,barahona,18.2085,-71.1008,82.22,78.0,75.0,9.22,1627346576.0
486,523,namibe,-15.1961,12.1522,64.72,83.0,0.0,1.77,1627346576.0
487,524,saint-augustin,51.226,-58.6502,59.79,78.0,100.0,7.18,1627346577.0
488,525,coquimbo,-29.9533,-71.3436,53.33,87.0,0.0,3.44,1627346577.0
489,526,galle,6.0367,80.217,79.81,87.0,100.0,11.48,1627346577.0
490,527,iwanai,42.9744,140.5089,86.14,48.0,0.0,3.76,1627346577.0
491,528,san vicente,-26.6167,-54.1333,64.72,76.0,100.0,1.5,1627346578.0
492,530,khatanga,71.9667,102.5,67.35,57.0,100.0,18.77,1627346578.0
494,533,vwawa,-9.1167,32.9333,45.46,94.0,20.0,5.73,1627346579.0
495,535,georgetown,5.4112,100.3354,83.89,86.0,20.0,4.61,1627346318.0
496,536,port alfred,-33.5906,26.891,60.49,32.0,35.0,9.48,1627346579.0
497,537,chiredzi,-21.05,31.6667,49.42,69.0,0.0,2.21,1627346579.0
498,538,bitung,1.4451,125.1824,86.85,67.0,100.0,15.95,1627346579.0
499,539,bakchar,57.0186,82.0711,53.76,84.0,100.0,8.93,1627346580.0
500,540,nanuque,-17.8392,-40.3539,66.04,92.0,0.0,4.47,1627346580.0
501,541,saldanha,-33.0117,17.9442,55.45,86.0,0.0,9.73,1627346580.0
502,542,sola,-13.8833,167.55,84.87,74.0,75.0,4.61,1627346581.0
503,543,tortoli,39.9256,9.6572,78.82,83.0,0.0,12.66,1627346581.0
505,545,mareeba,-17.0,145.4333,74.44,70.0,87.0,5.79,1627346581.0
506,547,bredasdorp,-34.5322,20.0403,52.18,58.0,11.0,5.14,1627346582.0
507,548,cidreira,-30.1811,-50.2056,62.13,98.0,100.0,10.87,1627346582.0
508,549,faanui,-16.4833,-151.75,78.91,74.0,63.0,9.64,1627346582.0
509,550,tuktoyaktuk,69.4541,-133.0374,51.8,66.0,75.0,0.0,1627346583.0
510,551,weligama,5.9667,80.4167,79.18,88.0,100.0,10.87,1627346583.0
511,552,bonavista,48.6499,-53.1147,59.11,90.0,0.0,13.09,1627346583.0
512,553,sinop,41.7711,34.8709,63.54,82.0,6.0,7.52,1627346583.0
513,554,bluff,-46.6,168.3333,51.8,70.0,14.0,20.56,1627346584.0
514,555,kapaa,22.0752,-159.319,88.12,74.0,1.0,1.99,1627346584.0
515,557,butaritari,3.0707,172.7902,82.53,75.0,30.0,7.36,1627346584.0
516,560,huarmey,-10.0681,-78.1522,65.5,87.0,41.0,10.8,1627346585.0
517,561,tevaitoa,-16.7833,-151.5,79.05,74.0,36.0,10.16,1627346585.0
518,562,busselton,-33.65,115.3333,50.09,53.0,100.0,26.55,1627346585.0
519,563,narsaq,60.9167,-46.05,52.02,73.0,61.0,1.39,1627346585.0
520,564,tiarei,-17.5333,-149.3333,84.22,77.0,40.0,7.96,1627346586.0
521,565,balabac,7.9868,117.0645,85.84,73.0,70.0,15.37,1627346586.0
522,566,fortuna,40.5982,-124.1573,87.19,85.0,20.0,14.97,1627346586.0
523,567,hithadhoo,-0.6,73.0833,80.28,76.0,100.0,5.28,1627346587.0
524,568,alugan,12.2188,125.4808,87.82,62.0,72.0,10.94,1627346587.0
525,569,cape town,-33.9258,18.4232,58.12,64.0,0.0,1.99,1627346587.0
526,570,gigmoto,13.7796,124.39,84.49,78.0,100.0,16.2,1627346587.0
527,571,nizhniy ufaley,55.9153,59.9842,46.69,91.0,7.0,4.9,1627346588.0
528,572,boguchany,58.3814,97.4531,75.76,48.0,0.0,4.54,1627346588.0
529,574,villa bruzual,9.3328,-69.1208,73.54,96.0,100.0,2.17,1627346588.0
530,575,hermanus,-34.4187,19.2345,57.9,61.0,5.0,7.45,1627346589.0
531,576,kodiak,57.79,-152.4072,62.11,63.0,90.0,5.75,1627346589.0
532,577,oum hadjer,13.2954,19.6966,73.22,88.0,100.0,2.06,1627346589.0
533,578,pevek,69.7008,170.3133,35.49,91.0,99.0,17.58,1627346589.0
534,579,vaini,-21.2,-175.2,78.96,83.0,75.0,10.36,1627346590.0
535,580,half moon bay,37.4636,-122.4286,89.33,70.0,75.0,1.01,1627346590.0
536,581,pisco,-13.7,-76.2167,65.01,82.0,0.0,14.97,1627346561.0
537,582,arraial do cabo,-22.9661,-42.0278,70.11,83.0,0.0,26.11,1627346590.0
538,583,ancud,-41.8697,-73.8203,42.33,79.0,14.0,6.08,1627346591.0
539,584,baihar,22.1,80.55,73.09,94.0,100.0,8.21,1627346591.0
540,586,brazzaville,-4.2658,15.2832,80.96,61.0,20.0,3.44,1627346591.0
541,587,hue,16.4667,107.6,87.91,58.0,20.0,2.3,1627346591.0
542,588,chuy,-33.6971,-53.4616,47.23,81.0,0.0,9.24,1627346592.0
543,589,ko samui,9.5357,99.9357,82.98,77.0,100.0,20.62,1627346442.0
544,590,qaanaaq,77.484,-69.3632,42.42,82.0,100.0,8.59,1627346592.0
545,591,avarua,-21.2078,-159.775,78.85,73.0,20.0,8.05,1627346592.0
546,592,hilo,19.7297,-155.09,78.53,89.0,90.0,9.22,1627346593.0
547,593,gidam,18.9833,81.4,75.34,90.0,100.0,7.34,1627346593.0
548,594,ushuaia,-54.8,-68.3,33.46,93.0,90.0,6.91,1627346547.0
549,595,rocha,-34.4833,-54.3333,44.69,90.0,7.0,6.13,1627346489.0
550,596,punta arenas,-53.15,-70.9167,42.91,75.0,0.0,12.66,1627346584.0
551,597,guanajuato,21.0186,-101.2591,79.3,51.0,1.0,18.34,1627346594.0
552,598,hobart,-42.8794,147.3294,57.22,76.0,75.0,1.01,1627346594.0
553,599,ganzhou,28.8184,115.4327,88.21,64.0,3.0,5.86,1627346594.0
554,600,provideniya,64.3833,-173.3,50.11,81.0,90.0,8.95,1627346594.0
555,601,rikitea,-23.1203,-134.9692,74.68,79.0,95.0,17.6,1627346595.0
556,602,damaturu,11.747,11.9608,72.28,91.0,100.0,9.66,1627346595.0
557,603,jamestown,42.097,-79.2353,78.12,53.0,1.0,5.75,1627346595.0
558,604,swan river,52.1058,-101.2676,76.89,44.0,9.0,5.75,1627346536.0
559,606,east london,-33.0153,27.9116,63.55,27.0,5.0,12.64,1627346316.0
560,607,atuona,-9.8,-139.0333,77.97,70.0,38.0,22.55,1627346596.0
561,608,chokurdakh,70.6333,147.9167,43.14,69.0,100.0,12.37,1627346596.0
562,609,oktyabrskoye,43.0645,44.7417,66.34,93.0,70.0,4.47,1627346596.0
563,610,bethel,41.3712,-73.414,79.75,80.0,75.0,4.61,1627346576.0
564,611,mataura,-46.1927,168.8643,51.48,78.0,22.0,4.47,1627346587.0
565,612,albany,42.6001,-73.9662,77.04,79.0,0.0,5.82,1627346029.0
566,613,saint-philippe,-21.3585,55.7679,63.99,83.0,67.0,11.18,1627346597.0
567,614,cherskiy,68.75,161.3,54.03,47.0,10.0,20.29,1627346331.0
